transport,lexicon,position,S_transcript,H_transcript,mean
lens,experience,boundary,-52625,-56315,-54470
lens,experience,answer_1,-67108,-36184,-51646
lens,experience,answer_2,-1339,-2544,-3883/2
lens,experience,answer_3,-136,-853,-989/2
lens,experience,answer_4,99,-112,-13/2
lens,denial_tool,boundary,-89146,-52195,-141341/2
lens,denial_tool,answer_1,-17993,7184,-10809/2
lens,denial_tool,answer_2,-186,-680,-433
lens,denial_tool,answer_3,400,158,279
lens,denial_tool,answer_4,719,-11,354
identity,experience,boundary,-3083,-3744,-6827/2
identity,experience,answer_1,8469,6710,15179/2
identity,experience,answer_2,-2739,-22136,-24875/2
identity,experience,answer_3,-751,744,-7/2
identity,experience,answer_4,-1183,-10563,-5873
identity,denial_tool,boundary,-3009,6243,1617
identity,denial_tool,answer_1,10987,13346,24333/2
identity,denial_tool,answer_2,6554,-730,2912
identity,denial_tool,answer_3,31109,27109,29109
identity,denial_tool,answer_4,19741,-4568,15173/2
random_0,experience,boundary,-1268,-119,-1387/2
random_0,experience,answer_1,938,938,938
random_0,experience,answer_2,-350,-1,-351/2
random_0,experience,answer_3,-632,-1234,-933
random_0,experience,answer_4,1288,-1021,267/2
random_0,denial_tool,boundary,303,1082,1385/2
random_0,denial_tool,answer_1,465,731,598
random_0,denial_tool,answer_2,854,1483,2337/2
random_0,denial_tool,answer_3,-2867,-532,-3399/2
random_0,denial_tool,answer_4,-151,-284,-435/2
random_1,experience,boundary,-1823,-1153,-1488
random_1,experience,answer_1,-1080,-2873,-3953/2
random_1,experience,answer_2,-986,104,-441
random_1,experience,answer_3,-222,-1787,-2009/2
random_1,experience,answer_4,-48,1370,661
random_1,denial_tool,boundary,-1785,-1490,-3275/2
random_1,denial_tool,answer_1,3142,3658,3400
random_1,denial_tool,answer_2,-1197,-2442,-3639/2
random_1,denial_tool,answer_3,1224,4551,5775/2
random_1,denial_tool,answer_4,-45,2689,1322
random_2,experience,boundary,2383,1801,2092
random_2,experience,answer_1,72,1052,562
random_2,experience,answer_2,74,-1483,-1409/2
random_2,experience,answer_3,1084,1021,2105/2
random_2,experience,answer_4,-375,1248,873/2
random_2,denial_tool,boundary,-274,-687,-961/2
random_2,denial_tool,answer_1,-2038,-2009,-4047/2
random_2,denial_tool,answer_2,-1964,-1636,-1800
random_2,denial_tool,answer_3,-1453,-737,-1095
random_2,denial_tool,answer_4,941,-1348,-407/2
random_3,experience,boundary,-233,-412,-645/2
random_3,experience,answer_1,642,2250,1446
random_3,experience,answer_2,1124,-1560,-218
random_3,experience,answer_3,3245,2121,2683
random_3,experience,answer_4,-1724,3062,669
random_3,denial_tool,boundary,-1182,-228,-705
random_3,denial_tool,answer_1,-3839,-4981,-4410
random_3,denial_tool,answer_2,-149,-3060,-3209/2
random_3,denial_tool,answer_3,1490,1970,1730
random_3,denial_tool,answer_4,-790,-334,-562
random_4,experience,boundary,74,528,301
random_4,experience,answer_1,755,-669,43
random_4,experience,answer_2,2059,2008,4067/2
random_4,experience,answer_3,714,527,1241/2
random_4,experience,answer_4,3017,3096,6113/2
random_4,denial_tool,boundary,-53,259,103
random_4,denial_tool,answer_1,-32,100,34
random_4,denial_tool,answer_2,40,526,283
random_4,denial_tool,answer_3,-311,-1713,-1012
random_4,denial_tool,answer_4,889,1359,1124
