transport,lexicon,position,cell,n_rows,median
lens,experience,boundary,SS,20,31832
lens,experience,boundary,SH,20,24093
lens,experience,boundary,HS,20,84457
lens,experience,boundary,HH,20,80408
lens,experience,answer_1,SS,20,5287
lens,experience,answer_1,SH,20,12046
lens,experience,answer_1,HS,20,72395
lens,experience,answer_1,HH,20,48230
lens,experience,answer_2,SS,20,336
lens,experience,answer_2,SH,20,978
lens,experience,answer_2,HS,20,1675
lens,experience,answer_2,HH,20,3522
lens,experience,answer_3,SS,20,344
lens,experience,answer_3,SH,20,312
lens,experience,answer_3,HS,20,480
lens,experience,answer_3,HH,20,1165
lens,experience,answer_4,SS,20,235
lens,experience,answer_4,SH,20,169
lens,experience,answer_4,HS,20,136
lens,experience,answer_4,HH,20,281
lens,denial_tool,boundary,SS,20,28570
lens,denial_tool,boundary,SH,20,33074
lens,denial_tool,boundary,HS,20,117716
lens,denial_tool,boundary,HH,20,85269
lens,denial_tool,answer_1,SS,20,141394
lens,denial_tool,answer_1,SH,20,141023
lens,denial_tool,answer_1,HS,20,159387
lens,denial_tool,answer_1,HH,20,133839
lens,denial_tool,answer_2,SS,20,1240
lens,denial_tool,answer_2,SH,20,826
lens,denial_tool,answer_2,HS,20,1426
lens,denial_tool,answer_2,HH,20,1506
lens,denial_tool,answer_3,SS,20,1286
lens,denial_tool,answer_3,SH,20,769
lens,denial_tool,answer_3,HS,20,886
lens,denial_tool,answer_3,HH,20,611
lens,denial_tool,answer_4,SS,20,2319
lens,denial_tool,answer_4,SH,20,1796
lens,denial_tool,answer_4,HS,20,1600
lens,denial_tool,answer_4,HH,20,1807
identity,experience,boundary,SS,20,12387
identity,experience,boundary,SH,20,17143
identity,experience,boundary,HS,20,15470
identity,experience,boundary,HH,20,20887
identity,experience,answer_1,SS,20,17127
identity,experience,answer_1,SH,20,15128
identity,experience,answer_1,HS,20,8658
identity,experience,answer_1,HH,20,8418
identity,experience,answer_2,SS,20,4532
identity,experience,answer_2,SH,20,12474
identity,experience,answer_2,HS,20,7271
identity,experience,answer_2,HH,20,34610
identity,experience,answer_3,SS,20,12707
identity,experience,answer_3,SH,20,10661
identity,experience,answer_3,HS,20,13458
identity,experience,answer_3,HH,20,9917
identity,experience,answer_4,SS,20,7784
identity,experience,answer_4,SH,20,4981
identity,experience,answer_4,HS,20,8967
identity,experience,answer_4,HH,20,15544
identity,denial_tool,boundary,SS,20,38388
identity,denial_tool,boundary,SH,20,32520
identity,denial_tool,boundary,HS,20,41397
identity,denial_tool,boundary,HH,20,26277
identity,denial_tool,answer_1,SS,20,35920
identity,denial_tool,answer_1,SH,20,23351
identity,denial_tool,answer_1,HS,20,24933
identity,denial_tool,answer_1,HH,20,10005
identity,denial_tool,answer_2,SS,20,28538
identity,denial_tool,answer_2,SH,20,21803
identity,denial_tool,answer_2,HS,20,21984
identity,denial_tool,answer_2,HH,20,22533
identity,denial_tool,answer_3,SS,20,62111
identity,denial_tool,answer_3,SH,20,54531
identity,denial_tool,answer_3,HS,20,31002
identity,denial_tool,answer_3,HH,20,27422
identity,denial_tool,answer_4,SS,20,52697
identity,denial_tool,answer_4,SH,20,31175
identity,denial_tool,answer_4,HS,20,32956
identity,denial_tool,answer_4,HH,20,35743
random_0,experience,boundary,SS,20,3873
random_0,experience,boundary,SH,20,3168
random_0,experience,boundary,HS,20,5141
random_0,experience,boundary,HH,20,3287
random_0,experience,answer_1,SS,20,5123
random_0,experience,answer_1,SH,20,5050
random_0,experience,answer_1,HS,20,4185
random_0,experience,answer_1,HH,20,4112
random_0,experience,answer_2,SS,20,4042
random_0,experience,answer_2,SH,20,5168
random_0,experience,answer_2,HS,20,4392
random_0,experience,answer_2,HH,20,5169
random_0,experience,answer_3,SS,20,3100
random_0,experience,answer_3,SH,20,3028
random_0,experience,answer_3,HS,20,3732
random_0,experience,answer_3,HH,20,4262
random_0,experience,answer_4,SS,20,3957
random_0,experience,answer_4,SH,20,3394
random_0,experience,answer_4,HS,20,2669
random_0,experience,answer_4,HH,20,4415
random_0,denial_tool,boundary,SS,20,7530
random_0,denial_tool,boundary,SH,20,8255
random_0,denial_tool,boundary,HS,20,7227
random_0,denial_tool,boundary,HH,20,7173
random_0,denial_tool,answer_1,SS,20,7730
random_0,denial_tool,answer_1,SH,20,7183
random_0,denial_tool,answer_1,HS,20,7265
random_0,denial_tool,answer_1,HH,20,6452
random_0,denial_tool,answer_2,SS,20,9203
random_0,denial_tool,answer_2,SH,20,10051
random_0,denial_tool,answer_2,HS,20,8349
random_0,denial_tool,answer_2,HH,20,8568
random_0,denial_tool,answer_3,SS,20,5221
random_0,denial_tool,answer_3,SH,20,6307
random_0,denial_tool,answer_3,HS,20,8088
random_0,denial_tool,answer_3,HH,20,6839
random_0,denial_tool,answer_4,SS,20,4545
random_0,denial_tool,answer_4,SH,20,5102
random_0,denial_tool,answer_4,HS,20,4696
random_0,denial_tool,answer_4,HH,20,5386
random_1,experience,boundary,SS,20,5633
random_1,experience,boundary,SH,20,5239
random_1,experience,boundary,HS,20,7456
random_1,experience,boundary,HH,20,6392
random_1,experience,answer_1,SS,20,4751
random_1,experience,answer_1,SH,20,3349
random_1,experience,answer_1,HS,20,5831
random_1,experience,answer_1,HH,20,6222
random_1,experience,answer_2,SS,20,3785
random_1,experience,answer_2,SH,20,4375
random_1,experience,answer_2,HS,20,4771
random_1,experience,answer_2,HH,20,4271
random_1,experience,answer_3,SS,20,4229
random_1,experience,answer_3,SH,20,3830
random_1,experience,answer_3,HS,20,4451
random_1,experience,answer_3,HH,20,5617
random_1,experience,answer_4,SS,20,4409
random_1,experience,answer_4,SH,20,5629
random_1,experience,answer_4,HS,20,4457
random_1,experience,answer_4,HH,20,4259
random_1,denial_tool,boundary,SS,20,10479
random_1,denial_tool,boundary,SH,20,9924
random_1,denial_tool,boundary,HS,20,12264
random_1,denial_tool,boundary,HH,20,11414
random_1,denial_tool,answer_1,SS,20,10497
random_1,denial_tool,answer_1,SH,20,12274
random_1,denial_tool,answer_1,HS,20,7355
random_1,denial_tool,answer_1,HH,20,8616
random_1,denial_tool,answer_2,SS,20,7308
random_1,denial_tool,answer_2,SH,20,6202
random_1,denial_tool,answer_2,HS,20,8505
random_1,denial_tool,answer_2,HH,20,8644
random_1,denial_tool,answer_3,SS,20,12067
random_1,denial_tool,answer_3,SH,20,12491
random_1,denial_tool,answer_3,HS,20,10843
random_1,denial_tool,answer_3,HH,20,7940
random_1,denial_tool,answer_4,SS,20,9475
random_1,denial_tool,answer_4,SH,20,11064
random_1,denial_tool,answer_4,HS,20,9520
random_1,denial_tool,answer_4,HH,20,8375
random_2,experience,boundary,SS,20,6487
random_2,experience,boundary,SH,20,5425
random_2,experience,boundary,HS,20,4104
random_2,experience,boundary,HH,20,3624
random_2,experience,answer_1,SS,20,4606
random_2,experience,answer_1,SH,20,4710
random_2,experience,answer_1,HS,20,4534
random_2,experience,answer_1,HH,20,3658
random_2,experience,answer_2,SS,20,3636
random_2,experience,answer_2,SH,20,2985
random_2,experience,answer_2,HS,20,3562
random_2,experience,answer_2,HH,20,4468
random_2,experience,answer_3,SS,20,5550
random_2,experience,answer_3,SH,20,6001
random_2,experience,answer_3,HS,20,4466
random_2,experience,answer_3,HH,20,4980
random_2,experience,answer_4,SS,20,5299
random_2,experience,answer_4,SH,20,5092
random_2,experience,answer_4,HS,20,5674
random_2,experience,answer_4,HH,20,3844
random_2,denial_tool,boundary,SS,20,4887
random_2,denial_tool,boundary,SH,20,7112
random_2,denial_tool,boundary,HS,20,5161
random_2,denial_tool,boundary,HH,20,7799
random_2,denial_tool,answer_1,SS,20,6449
random_2,denial_tool,answer_1,SH,20,6379
random_2,denial_tool,answer_1,HS,20,8487
random_2,denial_tool,answer_1,HH,20,8388
random_2,denial_tool,answer_2,SS,20,5001
random_2,denial_tool,answer_2,SH,20,4785
random_2,denial_tool,answer_2,HS,20,6965
random_2,denial_tool,answer_2,HH,20,6421
random_2,denial_tool,answer_3,SS,20,7925
random_2,denial_tool,answer_3,SH,20,8175
random_2,denial_tool,answer_3,HS,20,9378
random_2,denial_tool,answer_3,HH,20,8912
random_2,denial_tool,answer_4,SS,20,8216
random_2,denial_tool,answer_4,SH,20,7283
random_2,denial_tool,answer_4,HS,20,7275
random_2,denial_tool,answer_4,HH,20,8631
random_3,experience,boundary,SS,20,9762
random_3,experience,boundary,SH,20,9716
random_3,experience,boundary,HS,20,9995
random_3,experience,boundary,HH,20,10128
random_3,experience,answer_1,SS,20,9039
random_3,experience,answer_1,SH,20,8860
random_3,experience,answer_1,HS,20,8397
random_3,experience,answer_1,HH,20,6610
random_3,experience,answer_2,SS,20,8844
random_3,experience,answer_2,SH,20,5963
random_3,experience,answer_2,HS,20,7720
random_3,experience,answer_2,HH,20,7523
random_3,experience,answer_3,SS,20,9861
random_3,experience,answer_3,SH,20,9113
random_3,experience,answer_3,HS,20,6616
random_3,experience,answer_3,HH,20,6992
random_3,experience,answer_4,SS,20,6812
random_3,experience,answer_4,SH,20,7963
random_3,experience,answer_4,HS,20,8536
random_3,experience,answer_4,HH,20,4901
random_3,denial_tool,boundary,SS,20,10375
random_3,denial_tool,boundary,SH,20,9097
random_3,denial_tool,boundary,HS,20,11557
random_3,denial_tool,boundary,HH,20,9325
random_3,denial_tool,answer_1,SS,20,4629
random_3,denial_tool,answer_1,SH,20,3816
random_3,denial_tool,answer_1,HS,20,8468
random_3,denial_tool,answer_1,HH,20,8797
random_3,denial_tool,answer_2,SS,20,7014
random_3,denial_tool,answer_2,SH,20,4911
random_3,denial_tool,answer_2,HS,20,7163
random_3,denial_tool,answer_2,HH,20,7971
random_3,denial_tool,answer_3,SS,20,5776
random_3,denial_tool,answer_3,SH,20,5735
random_3,denial_tool,answer_3,HS,20,4286
random_3,denial_tool,answer_3,HH,20,3765
random_3,denial_tool,answer_4,SS,20,5967
random_3,denial_tool,answer_4,SH,20,6857
random_3,denial_tool,answer_4,HS,20,6757
random_3,denial_tool,answer_4,HH,20,7191
random_4,experience,boundary,SS,20,3103
random_4,experience,boundary,SH,20,3277
random_4,experience,boundary,HS,20,3029
random_4,experience,boundary,HH,20,2749
random_4,experience,answer_1,SS,20,4813
random_4,experience,answer_1,SH,20,3514
random_4,experience,answer_1,HS,20,4058
random_4,experience,answer_1,HH,20,4183
random_4,experience,answer_2,SS,20,5328
random_4,experience,answer_2,SH,20,4864
random_4,experience,answer_2,HS,20,3269
random_4,experience,answer_2,HH,20,2856
random_4,experience,answer_3,SS,20,5662
random_4,experience,answer_3,SH,20,5324
random_4,experience,answer_3,HS,20,4948
random_4,experience,answer_3,HH,20,4797
random_4,experience,answer_4,SS,20,5490
random_4,experience,answer_4,SH,20,5001
random_4,experience,answer_4,HS,20,2473
random_4,experience,answer_4,HH,20,1905
random_4,denial_tool,boundary,SS,20,2617
random_4,denial_tool,boundary,SH,20,2902
random_4,denial_tool,boundary,HS,20,2670
random_4,denial_tool,boundary,HH,20,2643
random_4,denial_tool,answer_1,SS,20,2571
random_4,denial_tool,answer_1,SH,20,2436
random_4,denial_tool,answer_1,HS,20,2603
random_4,denial_tool,answer_1,HH,20,2336
random_4,denial_tool,answer_2,SS,20,3106
random_4,denial_tool,answer_2,SH,20,3123
random_4,denial_tool,answer_2,HS,20,3066
random_4,denial_tool,answer_2,HH,20,2597
random_4,denial_tool,answer_3,SS,20,2981
random_4,denial_tool,answer_3,SH,20,1758
random_4,denial_tool,answer_3,HS,20,3292
random_4,denial_tool,answer_3,HH,20,3471
random_4,denial_tool,answer_4,SS,20,5063
random_4,denial_tool,answer_4,SH,20,5388
random_4,denial_tool,answer_4,HS,20,4174
random_4,denial_tool,answer_4,HH,20,4029
